
INSERT INTO Folk VALUES (1804289383, 'budz', 'Bennit', 'budzBennit', 2373186784, '1977-7-1');
INSERT INTO Folk VALUES (424238335, 'pain', 'Jones', 'painJones', 9471090555,'1972-9-17');
INSERT INTO Folk VALUES (1025202362, 'konan', 'willsom', 'konanwillsom', 5944304014,'1970-7-27');
INSERT INTO Folk VALUES (1967513926, 'nagato', 'Wilson', 'nagatoWilson', 8506009217,'1986-4-16');
INSERT INTO Folk VALUES (35005211, 'itachi', 'stevens', 'itachistevens', 2742657384,'1967-9-2');
INSERT INTO Folk VALUES (861021530, 'tobi', 'Johnson', 'tobiJohnson', 2392343029,'1963-7-19');
INSERT INTO Folk VALUES (1101513929, 'madara', 'Sheen', 'madaraSheen',1297026881, '1982-6-17');
INSERT INTO Folk VALUES (1125898167, 'naruto', 'Davis', 'narutoDavis',6722064371, '1976-7-2');
INSERT INTO Folk VALUES (1131176229, 'danzou', 'Downy', 'danzouDowny', 1487245426,'1981-11-20');
INSERT INTO Folk VALUES (756898537, 'kakashi', 'Badch', 'kakashiBadch',3490337636, '1964-11-22');
INSERT INTO Folk VALUES (1129566413, 'Ayana', 'Johnain', 'AyanaJohnain', 2391799785,'1971-8-8');
INSERT INTO Folk VALUES (749241873, 'Jedan', 'Kalpakis', 'JedanKalpakis',4063388694, '1970-4-17');
INSERT INTO Folk VALUES (511702305, 'John', 'Serval', 'JohnServal',8982980989,'1964-3-24');
INSERT INTO Folk VALUES (1159126505, 'Jarvis', 'James', 'JarvisJames', 8757479986,'1969-1-21');
INSERT INTO Folk VALUES (1141616124, 'derick', 'Ebanks', 'derickEbanks',4494639785, '1982-9-10');
INSERT INTO Folk VALUES (1548233367, 'Zackcoi', 'Dunn', 'ZackcoiDunn', 1527694251,'1964-3-14');
INSERT INTO Folk VALUES (1806289383, 'derick', 'Zackcoi', 'derickEbanks',3141926337, '1977-7-1');
INSERT INTO Folk VALUES (424838335, 'Zackcoi', 'Ebanks', 'ZackcoiDunn',4324289709, '1972-9-17');



INSERT INTO Place VALUES (1544784411, 5587, 'MEDITATION LANE', 'ATKINSON', 'NH', 23232, 954, 874);
INSERT INTO Place VALUES (6677355787, 7381, 'SILVER CANOE WAY', 'WYLIE', 'TX', 23454, 963, 8395);
INSERT INTO Place VALUES (4339987686,5089, 'GENTLE RAIN DRIVE', 'MARANA', 'AZ', 43432, 2, 3);
INSERT INTO Place VALUES (4081832634,963, 'MEDITATION LANE', 'ATKINSON', 'NH', 23232, 4, 1);
INSERT INTO Place VALUES (2130286269,763, 'SILVER CANOE WAY', 'WYLIE', 'TX', 23454, 3, 2);
INSERT INTO Place VALUES (6048288519, 6306, 'GENTLE RAIN DRIVE', 'MARANA', 'AZ', 43432, 1, 4);
INSERT INTO Place VALUES (2373186784, 5587, 'MEDITATION LANE', 'ATKINSON', 'NH', 23232, 953, 833);
INSERT INTO Place VALUES (9471090555, 7381, 'SILVER CANOE WAY', 'WYLIE', 'TX', 23454, 653, 333);
INSERT INTO Place VALUES (5944304014, 5089, 'GENTLE RAIN DRIVE', 'MARANA', 'AZ', 43432, 913, 803);
INSERT INTO Place VALUES (8506009217, 7071, 'LOCH NESS ROAD', 'TOWSON', 'MD', 34323, 123, 833);
INSERT INTO Place VALUES (2742657384, 7532, 'GRANDIOSE DRIVE', 'INDIANAPOLIS', 'IN', 20871, 953, 873);
INSERT INTO Place VALUES (2392343029, 737, 'MELODY DRIVE', 'METAIRIE', 'LA', 23455, 953, 148);
INSERT INTO Place VALUES (1297026881, 18, 'MISTLETOE LANE', 'REDDING', 'CA', 24766, 903, 223);
INSERT INTO Place VALUES (6722064371, 7399, 'GOLDEN TROUT WAY', 'BOZEMAN', 'MT', 65467, 888, 999);
INSERT INTO Place VALUES (1487245426, 2727, 'CHARDONNAY DRIVE', 'MACUNGIE', 'PA', 65467, 223, 901);
INSERT INTO Place VALUES (3490337636, 8672, 'DIXIE AVENUE', 'ATLANTA', 'GA', 34432, 953, 723);
INSERT INTO Place VALUES (2391799785, 2008, 'STARDUST WAY', 'TEMECULA', 'CA', 32233, 953, 276);
INSERT INTO Place VALUES (4063388694, 644, 'BEN HUR ROAD', 'BATON ROUGE', 'LA', 23454, 153, 833);
INSERT INTO Place VALUES (8982980989, 9387, 'LOGANBERRY LANE', 'HOLLAND', 'MI', 33432, 4, 2);
INSERT INTO Place VALUES (8757479986, 1429, 'SOUTH CORAL LOOP', 'WYLIE', 'TX', 23422, 893, 413);
INSERT INTO Place VALUES (4494639785, 2331, 'SUNFLOWER', 'TEMECULA', 'CA', 65467, 2, 5);
INSERT INTO Place VALUES (1527694251, 6491, 'AVENIDA BARCELONA', 'TEMECULA', 'CA', 65467, 1, 2);
INSERT INTO Place VALUES (3141926337, 57, 'SUNFLOWER', 'TEMECULA', 'CA', 65467, 929, 285);
INSERT INTO Place VALUES (4324289709, 7001, 'AVENIDA BARCELONA', 'TEMECULA', 'CA', 65467, 131, 833);





INSERT INTO Folk_Email VALUES (1804289383, 'budzBennit@gmail.com');
INSERT INTO Folk_Email VALUES (424238335, 'painJones@yahoo.com');
INSERT INTO Folk_Email VALUES (1025202362, 'konanwillsom@gmail.com');
INSERT INTO Folk_Email VALUES (1967513926, 'nagatoWilson@yahoo.com');
INSERT INTO Folk_Email VALUES (35005211, 'itachistevens@gmail.com');
INSERT INTO Folk_Email VALUES (861021530, 'tobiJohnson@yahoo.com');
INSERT INTO Folk_Email VALUES (1101513929, 'madaraSheen@gmail.com');
INSERT INTO Folk_Email VALUES (1125898167, 'narutoDavis@yahoo.com');
INSERT INTO Folk_Email VALUES (1131176229, 'danzouDowny@gmail.com');
INSERT INTO Folk_Email VALUES (756898537, 'kakashiBadch@gmail.com');
INSERT INTO Folk_Email VALUES (1129566413, 'AyanaJohnain@yahoo.com');
INSERT INTO Folk_Email VALUES (749241873, 'JedanKalpakis@yahoo.com');
INSERT INTO Folk_Email VALUES (511702305, 'JohnServal@gmail.com');
INSERT INTO Folk_Email VALUES (1159126505, 'JarvisJames@yahoo.com');
INSERT INTO Folk_Email VALUES (1141616124, 'derickEbanks@gmail.com');
INSERT INTO Folk_Email VALUES (1548233367, 'ZackcoiDunn@yahoo.com');
INSERT INTO Folk_Email VALUES (1806289383, 'derickZackcoi@yahoo.com');
INSERT INTO Folk_Email VALUES (424838335, 'ZackcoiEbanks@gmail.com');

INSERT INTO Election_Staff VALUES (1129566413, 'Johnain664');
INSERT INTO Election_Staff VALUES (749241873, 'Kalpakis268');
INSERT INTO Election_Staff VALUES (511702305, 'Serval997');
INSERT INTO Election_Staff VALUES (1159126505, 'James903');
INSERT INTO Election_Staff VALUES (1141616124, 'Ebanks253');
INSERT INTO Election_Staff VALUES (1548233367, 'Dunn868');


INSERT INTO Voting_Center VALUES ('John316', 1544784411);

INSERT INTO Voting_Center VALUES ('James903', 4081832634);
INSERT INTO VC_Operating_periods VALUES ('James903', '2022-9-1', '10:00:00', '20:00:00', '2022-9-13');
INSERT INTO VC_Operating_periods VALUES ('James903', '2022-9-15', '9:00:00', '19:00:00', '2022-9-26');
INSERT INTO VC_Operating_periods VALUES ('James903', '2022-9-30', '8:30:00', '18:30:00', '2022-10-10');
INSERT INTO VC_Operating_periods VALUES ('James903', '2022-10-15', '10:30:00', '20:30:00', '2022-10-30');
                                     
INSERT INTO Voting_Center VALUES ('Ebanks253', 2130286269);
INSERT INTO VC_Operating_periods VALUES ('Ebanks253', '2022-9-1', '10:00:00', '20:00:00', '2022-9-13');
INSERT INTO VC_Operating_periods VALUES ('Ebanks253', '2022-9-15', '9:00:00', '19:00:00', '2022-9-26');
INSERT INTO VC_Operating_periods VALUES ('Ebanks253', '2022-9-30', '8:30:00', '18:30:00', '2022-10-10');
INSERT INTO VC_Operating_periods VALUES ('Ebanks253', '2022-10-15', '10:30:00', '20:30:00', '2022-10-30');
                                     
INSERT INTO Voting_Center VALUES ('Dunn868',4339987686);
INSERT INTO VC_Operating_periods VALUES ('Dunn868', '2022-9-1', '10:00:00', '20:00:00', '2022-9-13');
INSERT INTO VC_Operating_periods VALUES ('Dunn868', '2022-9-15', '9:00:00', '19:00:00', '2022-9-26');
INSERT INTO VC_Operating_periods VALUES ('Dunn868', '2022-9-30', '8:30:00', '18:30:00', '2022-10-10');
INSERT INTO VC_Operating_periods VALUES ('Dunn868', '2022-10-15', '10:30:00', '20:30:00', '2022-10-30');

INSERT INTO Ballots VALUES (1189641421, 'Jocabhol', 'Are you for Green-Energy?', '2022-9-9', '2022-9-1','2022-10-31');
INSERT INTO Ballots VALUES (1714636915, 'Jonesnew', 'Are you for FossilFuels?', '2022-10-3', '2022-9-1','2022-10-31');
INSERT INTO Ballots VALUES (719885386, 'shavaris', 'Are you for Battery-cars?', '2022-9-1', '2022-9-1','2022-10-31');
INSERT INTO Ballots VALUES (424238335, 'Wilsonton', 'Are you voting for diesel-cars?', '2022-9-19', '2022-9-1','2022-10-31');


INSERT INTO Cast_Vote VALUES (1804789683, 1804289383, 1159126505,  719885386, 'yes', '2022-9-1','John316');
INSERT INTO Cast_Vote VALUES (846930886, 424238335, 1159126505,  719885386, 'no', '2022-9-15','James903');
INSERT INTO Cast_Vote VALUES (1681692777, 1025202362, 1159126505,  719885386, 'abstain', '2022-9-30','Ebanks253');
INSERT INTO Cast_Vote VALUES (1714636915, 1967513926, 1159126505,  719885386, 'yes', '2022-10-15','Dunn868');
INSERT INTO Cast_Vote VALUES (1957747793, 35005211, 1159126505,  719885386, 'no', '2022-10-14','John316');
INSERT INTO Cast_Vote VALUES (424238335, 861021530, 1159126505,  719885386, 'abstain', '2022-10-9','James903');

INSERT INTO Cast_Vote VALUES (1804563815, 1101513929, 749241873,  424238335, 'yes', '2022-9-1','Ebanks253');
INSERT INTO Cast_Vote VALUES (847205318, 1125898167, 749241873,  424238335, 'no', '2022-9-15','Dunn868');
INSERT INTO Cast_Vote VALUES (1681967209, 1131176229, 749241873,  424238335, 'abstain', '2022-9-30','John316');
INSERT INTO Cast_Vote VALUES (1714911347, 756898537, 749241873,  424238335, 'yes', '2022-10-15','James903');
INSERT INTO Cast_Vote VALUES (1958022225, 1129566413, 749241873,  424238335, 'no', '2022-10-14','Ebanks253');
INSERT INTO Cast_Vote VALUES (424512767, 749241873, 749241873,  424238335, 'abstain', '2022-10-9','Dunn868');

INSERT INTO Cast_Vote VALUES (1840215399, 511702305, 511702305,  719885386, 'yes', '2022-9-1','John316');
INSERT INTO Cast_Vote VALUES (882856902, 1159126505, 511702305,  719885386, 'no', '2022-9-15','James903');
INSERT INTO Cast_Vote VALUES (1717618793, 1141616124, 511702305,  719885386, 'abstain', '2022-9-30','Ebanks253');
INSERT INTO Cast_Vote VALUES (1750562931, 1548233367, 511702305,  719885386, 'yes', '2022-10-15','Dunn868');
INSERT INTO Cast_Vote VALUES (1993673809, 1806289383, 511702305,  719885386, 'no', '2022-10-14','John316');
INSERT INTO Cast_Vote VALUES (460164351, 424838335, 511702305,  719885386, 'abstain', '2022-10-9','James903');


INSERT INTO Voting_Registry VALUES (1804289383, 'John316', 719885386, '2022-9-9');
INSERT INTO Voting_Registry VALUES (424238335, 'James903', 719885386, '2022-9-9');
INSERT INTO Voting_Registry VALUES (1025202362, 'Ebanks253', 719885386, '2022-10-3');
INSERT INTO Voting_Registry VALUES (1967513926, 'Dunn868', 719885386, '2022-9-1');
INSERT INTO Voting_Registry VALUES (35005211, 'John316', 719885386, '2022-9-19');
INSERT INTO Voting_Registry VALUES (861021530, 'James903', 719885386, '2022-10-27');
INSERT INTO Voting_Registry VALUES (1101513929, 'Ebanks253', 424238335, '2022-9-22');
INSERT INTO Voting_Registry VALUES (1125898167, 'Dunn868', 424238335, '2022-9-5');
INSERT INTO Voting_Registry VALUES (1131176229, 'John316', 424238335, '2022-10-13');
INSERT INTO Voting_Registry VALUES (756898537, 'James903', 424238335, '2022-9-27');
INSERT INTO Voting_Registry VALUES (1129566413, 'Ebanks253', 424238335, '2022-9-5');
INSERT INTO Voting_Registry VALUES (749241873, 'Dunn868', 424238335, '2022-10-16');
INSERT INTO Voting_Registry VALUES (511702305, 'John316', 719885386, '2022-9-4');
INSERT INTO Voting_Registry VALUES (1159126505, 'James903', 719885386, '2022-9-11');
INSERT INTO Voting_Registry VALUES (1141616124, 'Ebanks253', 719885386, '2022-10-5');
INSERT INTO Voting_Registry VALUES (1548233367, 'Dunn868', 719885386, '2022-9-16');
INSERT INTO Voting_Registry VALUES (1806289383, 'John316', 719885386, '2022-9-21');
INSERT INTO Voting_Registry VALUES (424838335, 'James903', 719885386, '2022-10-14');
INSERT INTO Voting_Registry VALUES (511702305, 'Ebanks253', 424238335, '2022-9-15');
INSERT INTO Voting_Registry VALUES (1159126505, 'Dunn868', 424238335, '2022-9-16');
INSERT INTO Voting_Registry VALUES (1804289383, 'John316', 424238335, '2022-10-17');
INSERT INTO Voting_Registry VALUES (1804289383, 'James903', 424238335, '2022-9-22');
INSERT INTO Voting_Registry VALUES (1804289383, 'Ebanks253', 424238335, '2022-9-26');
INSERT INTO Voting_Registry VALUES (1804289383, 'Dunn868', 424238335, '2022-10-27');








